{
	"ambient": {
		"x": 0.10000000149011612,
		"y": 0.10000000149011612,
		"z": 0.10000000149011612
	},
	"default_material": "null",
	"lights": [
		{
			"color": {
				"x": 1.0,
				"y": 1.0,
				"z": 1.0
			},
			"position": {
				"x": 0.0,
				"y": 1.0,
				"z": 3.0
			},
			"range": 100.0
		},
		{
			"color": {
				"x": 0.20000000298023224,
				"y": 0.800000011920929,
				"z": 0.10000000149011612
			},
			"position": {
				"x": 1.0,
				"y": 0.0,
				"z": 3.0
			},
			"range": 4.0
		},
		{
			"color": {
				"x": 1.0,
				"y": 0.20000000298023224,
				"z": 0.10000000149011612
			},
			"position": {
				"x": 0.0,
				"y": 1.0,
				"z": 3.0
			},
			"range": 4.0
		}
	],
	"main_camera": "626744ca-f8f3-904e-bfab-6a834651d1bd",
	"objects": [
		{
			"children": [],
			"components": {
				"Gameplay::Camera": {
					"clear_color": {
						"w": -431602080.0,
						"x": -431602080.0,
						"y": -431602080.0,
						"z": -431602080.0
					},
					"enabled": true,
					"far_plane": 1000.0,
					"fov_radians": 1.5707963705062866,
					"guid": "626744ca-f8f3-904e-bfab-6a834651d1bd",
					"near_plane": 0.10000000149011612,
					"ortho_enabled": false,
					"ortho_size": 10.0
				},
				"SimpleCameraControl": {
					"enabled": true,
					"guid": "7ae19019-fc8b-2140-8182-a954524b5343",
					"mouse_sensitivity": {
						"x": 0.5,
						"y": 0.30000001192092896
					},
					"move_speed": {
						"x": 1.0,
						"y": 1.0,
						"z": 1.0
					},
					"shift_mult": 2.0
				}
			},
			"guid": "531e34e0-c6bf-4041-a740-f43c89574b60",
			"hide_in_inspector": false,
			"name": "Main Camera",
			"parent": "null",
			"position": {
				"x": -9.0,
				"y": -6.0,
				"z": 15.0
			},
			"rotation": {
				"w": 0.8390066623687744,
				"x": 0.27095746994018555,
				"y": -0.1450120359659195,
				"z": -0.44902271032333374
			},
			"scale": {
				"x": 1.0,
				"y": 1.0,
				"z": 1.0
			}
		},
		{
			"children": [],
			"components": {
				"Gameplay::Physics::RigidBody": {
					"angular_damping": 0.004999999888241291,
					"colliders": [
						{
							"extents": {
								"x": 50.0,
								"y": 50.0,
								"z": 1.0
							},
							"guid": "b04bb4b2-b70c-4d40-bb39-4dd88928e412",
							"position": {
								"x": 0.0,
								"y": 0.0,
								"z": -1.0
							},
							"rotation": {
								"x": 0.0,
								"y": 0.0,
								"z": 0.0
							},
							"scale": {
								"x": 1.0,
								"y": 1.0,
								"z": 1.0
							},
							"type": "Box"
						}
					],
					"enabled": true,
					"group": 1,
					"guid": "403b199e-7747-9e49-9c15-ac5e76988857",
					"linear_damping": 0.0,
					"mask": -1,
					"mass": 1.0,
					"type": "Static"
				},
				"RenderComponent": {
					"enabled": true,
					"guid": "908a16aa-c25a-3749-80f9-089a1f2a6052",
					"material": "bd93e270-104c-a44e-b2cd-6696d3509ee8",
					"mesh": "fc062391-e608-3346-b068-dbb440bdc0b7"
				}
			},
			"guid": "6d64fedc-397c-9c4e-ac81-bf2f38fd3203",
			"hide_in_inspector": false,
			"name": "Plane",
			"parent": "null",
			"position": {
				"x": 0.0,
				"y": 0.0,
				"z": 0.0
			},
			"rotation": {
				"w": 1.0,
				"x": 0.0,
				"y": 0.0,
				"z": 0.0
			},
			"scale": {
				"x": 1.0,
				"y": 1.0,
				"z": 1.0
			}
		},
		{
			"children": [],
			"components": {
				"Gameplay::Physics::TriggerVolume": {
					"colliders": [
						{
							"extents": {
								"x": 1.0,
								"y": 1.0,
								"z": 1.0
							},
							"guid": "068414be-08ac-b244-9dca-cb37dd4931e5",
							"position": {
								"x": 0.0,
								"y": 0.0,
								"z": 0.0
							},
							"rotation": {
								"x": 0.0,
								"y": 0.0,
								"z": 0.0
							},
							"scale": {
								"x": 1.0,
								"y": 1.0,
								"z": 1.0
							},
							"type": "Box"
						}
					],
					"enabled": true,
					"group": 1,
					"guid": "a601110c-057f-9c4f-9724-2a67c057f40f",
					"mask": -1
				},
				"JumpBehaviour": {
					"enabled": true,
					"guid": "f5ddbbd2-7ee7-c942-bbeb-c1c124294d26",
					"impulse": 10.0
				},
				"RenderComponent": {
					"enabled": true,
					"guid": "18c01622-9dd3-f746-a89f-714573e04c05",
					"material": "c249358b-5629-614e-a367-3d3eb5a379e1",
					"mesh": "cc71c7b0-5ff6-d04b-a4c8-363dcb15959b"
				},
				"TriggerVolumeEnterBehaviour": {
					"enabled": true,
					"guid": "342b4318-31a4-4847-a588-947d6ec6280b"
				}
			},
			"guid": "cd438ade-04e4-054d-8210-c533ea36307d",
			"hide_in_inspector": false,
			"name": "Tree 1",
			"parent": "null",
			"position": {
				"x": 1.5,
				"y": 0.0,
				"z": 1.0
			},
			"rotation": {
				"w": 0.7071067690849304,
				"x": 0.7071067690849304,
				"y": 0.0,
				"z": 0.0
			},
			"scale": {
				"x": 1.0,
				"y": 1.0,
				"z": 1.0
			}
		},
		{
			"children": [],
			"components": {
				"Gameplay::Physics::TriggerVolume": {
					"colliders": [
						{
							"extents": {
								"x": 1.0,
								"y": 1.0,
								"z": 1.0
							},
							"guid": "27a1d9a9-3bbe-294a-a62c-db53da0c8b08",
							"position": {
								"x": 0.0,
								"y": 0.0,
								"z": 0.0
							},
							"rotation": {
								"x": 0.0,
								"y": 0.0,
								"z": 0.0
							},
							"scale": {
								"x": 1.0,
								"y": 1.0,
								"z": 1.0
							},
							"type": "Box"
						}
					],
					"enabled": true,
					"group": 1,
					"guid": "57e249a0-0878-0942-932f-ac89c6d43fac",
					"mask": -1
				},
				"JumpBehaviour": {
					"enabled": true,
					"guid": "7c8982d4-a14a-f849-909a-79db90989880",
					"impulse": 10.0
				},
				"RenderComponent": {
					"enabled": true,
					"guid": "da3f4f51-c808-3a4c-85b6-c9ab743c7bab",
					"material": "c249358b-5629-614e-a367-3d3eb5a379e1",
					"mesh": "cc71c7b0-5ff6-d04b-a4c8-363dcb15959b"
				},
				"TriggerVolumeEnterBehaviour": {
					"enabled": true,
					"guid": "af803529-2d6d-e14e-929f-ef5192903ed3"
				}
			},
			"guid": "51fba578-2ef5-dc49-bc0d-35fb1a63afd6",
			"hide_in_inspector": false,
			"name": "Tree 2",
			"parent": "null",
			"position": {
				"x": -9.699999809265137,
				"y": 2.299999952316284,
				"z": 1.0
			},
			"rotation": {
				"w": 0.7071067690849304,
				"x": 0.7071067690849304,
				"y": 0.0,
				"z": 0.0
			},
			"scale": {
				"x": 1.0,
				"y": 1.0,
				"z": 1.0
			}
		},
		{
			"children": [],
			"components": {
				"Gameplay::Physics::TriggerVolume": {
					"colliders": [
						{
							"extents": {
								"x": 1.0,
								"y": 1.0,
								"z": 1.0
							},
							"guid": "016755d7-8102-1c41-a9d1-8c324299b9f7",
							"position": {
								"x": 0.0,
								"y": 0.0,
								"z": 0.0
							},
							"rotation": {
								"x": 0.0,
								"y": 0.0,
								"z": 0.0
							},
							"scale": {
								"x": 1.0,
								"y": 1.0,
								"z": 1.0
							},
							"type": "Box"
						}
					],
					"enabled": true,
					"group": 1,
					"guid": "8c02cb11-db11-c246-8100-bb14d0c49d29",
					"mask": -1
				},
				"JumpBehaviour": {
					"enabled": true,
					"guid": "851977f8-a9c2-eb4f-890f-33610c51efc6",
					"impulse": 10.0
				},
				"RenderComponent": {
					"enabled": true,
					"guid": "a437a3e5-aa76-ce4d-bd8e-9bfbf897cfa5",
					"material": "c249358b-5629-614e-a367-3d3eb5a379e1",
					"mesh": "cc71c7b0-5ff6-d04b-a4c8-363dcb15959b"
				},
				"TriggerVolumeEnterBehaviour": {
					"enabled": true,
					"guid": "daf44fee-f320-ce40-9e41-99c9c6ee7647"
				}
			},
			"guid": "d604dd4b-7d92-2943-b2cc-a2b5e5e7cb3b",
			"hide_in_inspector": false,
			"name": "Tree 3",
			"parent": "null",
			"position": {
				"x": -2.299999952316284,
				"y": -9.199999809265137,
				"z": 1.0
			},
			"rotation": {
				"w": -3.0908619663705394e-08,
				"x": -3.0908619663705394e-08,
				"y": 0.7071067690849304,
				"z": 0.7071067690849304
			},
			"scale": {
				"x": 1.0,
				"y": 1.0,
				"z": 1.0
			}
		},
		{
			"children": [],
			"components": {
				"Gameplay::Physics::TriggerVolume": {
					"colliders": [
						{
							"extents": {
								"x": 1.0,
								"y": 1.0,
								"z": 1.0
							},
							"guid": "6c669bd9-29c1-3d46-bb6e-c1c8313292e5",
							"position": {
								"x": 0.0,
								"y": 0.0,
								"z": 0.0
							},
							"rotation": {
								"x": 0.0,
								"y": 0.0,
								"z": 0.0
							},
							"scale": {
								"x": 1.0,
								"y": 1.0,
								"z": 1.0
							},
							"type": "Box"
						}
					],
					"enabled": true,
					"group": 1,
					"guid": "b91882f4-b33d-1242-b1ba-87b868230036",
					"mask": -1
				},
				"JumpBehaviour": {
					"enabled": true,
					"guid": "20419b6f-55d8-a147-b8c6-56eb76c192fd",
					"impulse": 10.0
				},
				"RenderComponent": {
					"enabled": true,
					"guid": "e888cc5c-c249-d34c-8733-8734ef3de01d",
					"material": "e8359626-83cb-2d42-a6d7-d2e8c610a150",
					"mesh": "708a0354-2993-a64c-97f3-5417b1b82e59"
				},
				"TriggerVolumeEnterBehaviour": {
					"enabled": true,
					"guid": "996c96da-c990-ff4a-880a-12b1b916a550"
				}
			},
			"guid": "7c015403-dff3-7947-8b79-fe447f1f957d",
			"hide_in_inspector": false,
			"name": "Campfire",
			"parent": "null",
			"position": {
				"x": -3.200000047683716,
				"y": -2.700000047683716,
				"z": 1.0
			},
			"rotation": {
				"w": 0.7071067690849304,
				"x": 0.7071067690849304,
				"y": 0.0,
				"z": 0.0
			},
			"scale": {
				"x": 0.07999999821186066,
				"y": 0.07999999821186066,
				"z": 0.07999999821186066
			}
		},
		{
			"children": [],
			"components": {
				"Gameplay::Physics::TriggerVolume": {
					"colliders": [
						{
							"extents": {
								"x": 1.0,
								"y": 1.0,
								"z": 1.0
							},
							"guid": "d278b2a5-fc8e-d849-aaac-db7d5ed9ded0",
							"position": {
								"x": 0.0,
								"y": 0.0,
								"z": 0.0
							},
							"rotation": {
								"x": 0.0,
								"y": 0.0,
								"z": 0.0
							},
							"scale": {
								"x": 1.0,
								"y": 1.0,
								"z": 1.0
							},
							"type": "Box"
						}
					],
					"enabled": true,
					"group": 1,
					"guid": "8253bef7-92f5-8441-a725-4efc3c50ac4a",
					"mask": -1
				},
				"JumpBehaviour": {
					"enabled": true,
					"guid": "ccb85785-57da-0242-a2b1-621f17d14f83",
					"impulse": 10.0
				},
				"RenderComponent": {
					"enabled": true,
					"guid": "45faf364-cdb1-d142-aa75-5f90fe7816d8",
					"material": "0705ef54-940e-3641-8c97-26719eef7c84",
					"mesh": "0771534b-b8ae-0a42-bed3-04881d824b8b"
				},
				"TriggerVolumeEnterBehaviour": {
					"enabled": true,
					"guid": "31fb08ec-bdd1-d14f-83ea-e80bd7491ee1"
				}
			},
			"guid": "72b6f6e3-5eec-7e42-ae5a-f2913ebb2177",
			"hide_in_inspector": false,
			"name": "Tent",
			"parent": "null",
			"position": {
				"x": -0.4000000059604645,
				"y": 0.5,
				"z": 1.0
			},
			"rotation": {
				"w": 0.698401153087616,
				"x": 0.698401153087616,
				"y": -0.11061587929725647,
				"z": -0.11061587929725647
			},
			"scale": {
				"x": 0.4000000059604645,
				"y": 0.4000000059604645,
				"z": 0.4000000059604645
			}
		},
		{
			"children": [
				{
					"children": [],
					"components": {
						"RenderComponent": {
							"enabled": true,
							"guid": "69a031a3-fd4c-a14e-a1de-6b28f2fc5975",
							"material": "364ff5e8-718e-c641-95c0-b133d5b67cad",
							"mesh": "0526bbf3-40cf-9241-8e44-696839764239"
						}
					},
					"guid": "bcee1bf8-d714-1e44-b4a5-4bf7cc136fc0",
					"hide_in_inspector": false,
					"name": "Leaves 1",
					"parent": "e70edfee-e5db-6e4f-9915-aa521088ed84",
					"position": {
						"x": 1.5,
						"y": 0.0,
						"z": 10.399999618530273
					},
					"rotation": {
						"w": 1.0,
						"x": 0.0,
						"y": 0.0,
						"z": 0.0
					},
					"scale": {
						"x": 3.799999952316284,
						"y": 4.800000190734863,
						"z": 2.799999952316284
					}
				},
				{
					"children": [],
					"components": {
						"RenderComponent": {
							"enabled": true,
							"guid": "765879c5-7a91-bf43-a978-8c52b94fe279",
							"material": "364ff5e8-718e-c641-95c0-b133d5b67cad",
							"mesh": "0526bbf3-40cf-9241-8e44-696839764239"
						}
					},
					"guid": "8e3d5d4a-f350-5f46-ba56-2ef9235f0acc",
					"hide_in_inspector": false,
					"name": "Leaves 2",
					"parent": "e70edfee-e5db-6e4f-9915-aa521088ed84",
					"position": {
						"x": -9.699999809265137,
						"y": 2.299999952316284,
						"z": 10.399999618530273
					},
					"rotation": {
						"w": 1.0,
						"x": 0.0,
						"y": 0.0,
						"z": 0.0
					},
					"scale": {
						"x": 3.799999952316284,
						"y": 4.800000190734863,
						"z": 2.799999952316284
					}
				},
				{
					"children": [],
					"components": {
						"RenderComponent": {
							"enabled": true,
							"guid": "a9ceb8c2-469f-6042-b3a2-3fb4242a9834",
							"material": "364ff5e8-718e-c641-95c0-b133d5b67cad",
							"mesh": "0526bbf3-40cf-9241-8e44-696839764239"
						}
					},
					"guid": "3b0eb970-0e3d-534f-850f-364e63135aa8",
					"hide_in_inspector": false,
					"name": "Leaves 3",
					"parent": "e70edfee-e5db-6e4f-9915-aa521088ed84",
					"position": {
						"x": -2.299999952316284,
						"y": -9.199999809265137,
						"z": 10.399999618530273
					},
					"rotation": {
						"w": 1.0,
						"x": 0.0,
						"y": 0.0,
						"z": 0.0
					},
					"scale": {
						"x": 3.799999952316284,
						"y": 4.800000190734863,
						"z": 2.799999952316284
					}
				}
			],
			"components": null,
			"guid": "e70edfee-e5db-6e4f-9915-aa521088ed84",
			"hide_in_inspector": false,
			"name": "Demo Parent",
			"parent": "null",
			"position": {
				"x": 0.0,
				"y": 0.0,
				"z": 0.0
			},
			"rotation": {
				"w": 1.0,
				"x": 0.0,
				"y": 0.0,
				"z": 0.0
			},
			"scale": {
				"x": 1.0,
				"y": 1.0,
				"z": 1.0
			}
		},
		{
			"children": [],
			"components": {
				"RenderComponent": {
					"enabled": true,
					"guid": "69a031a3-fd4c-a14e-a1de-6b28f2fc5975",
					"material": "364ff5e8-718e-c641-95c0-b133d5b67cad",
					"mesh": "0526bbf3-40cf-9241-8e44-696839764239"
				}
			},
			"guid": "bcee1bf8-d714-1e44-b4a5-4bf7cc136fc0",
			"hide_in_inspector": false,
			"name": "Leaves 1",
			"parent": "e70edfee-e5db-6e4f-9915-aa521088ed84",
			"position": {
				"x": 1.5,
				"y": 0.0,
				"z": 10.399999618530273
			},
			"rotation": {
				"w": 1.0,
				"x": 0.0,
				"y": 0.0,
				"z": 0.0
			},
			"scale": {
				"x": 3.799999952316284,
				"y": 4.800000190734863,
				"z": 2.799999952316284
			}
		},
		{
			"children": [],
			"components": {
				"RenderComponent": {
					"enabled": true,
					"guid": "765879c5-7a91-bf43-a978-8c52b94fe279",
					"material": "364ff5e8-718e-c641-95c0-b133d5b67cad",
					"mesh": "0526bbf3-40cf-9241-8e44-696839764239"
				}
			},
			"guid": "8e3d5d4a-f350-5f46-ba56-2ef9235f0acc",
			"hide_in_inspector": false,
			"name": "Leaves 2",
			"parent": "e70edfee-e5db-6e4f-9915-aa521088ed84",
			"position": {
				"x": -9.699999809265137,
				"y": 2.299999952316284,
				"z": 10.399999618530273
			},
			"rotation": {
				"w": 1.0,
				"x": 0.0,
				"y": 0.0,
				"z": 0.0
			},
			"scale": {
				"x": 3.799999952316284,
				"y": 4.800000190734863,
				"z": 2.799999952316284
			}
		},
		{
			"children": [],
			"components": {
				"RenderComponent": {
					"enabled": true,
					"guid": "a9ceb8c2-469f-6042-b3a2-3fb4242a9834",
					"material": "364ff5e8-718e-c641-95c0-b133d5b67cad",
					"mesh": "0526bbf3-40cf-9241-8e44-696839764239"
				}
			},
			"guid": "3b0eb970-0e3d-534f-850f-364e63135aa8",
			"hide_in_inspector": false,
			"name": "Leaves 3",
			"parent": "e70edfee-e5db-6e4f-9915-aa521088ed84",
			"position": {
				"x": -2.299999952316284,
				"y": -9.199999809265137,
				"z": 10.399999618530273
			},
			"rotation": {
				"w": 1.0,
				"x": 0.0,
				"y": 0.0,
				"z": 0.0
			},
			"scale": {
				"x": 3.799999952316284,
				"y": 4.800000190734863,
				"z": 2.799999952316284
			}
		},
		{
			"children": [],
			"components": {
				"Gameplay::Physics::TriggerVolume": {
					"colliders": [
						{
							"guid": "717f2812-8d71-e548-a099-390ddc87354d",
							"half_extents": {
								"x": 3.0,
								"y": 3.0,
								"z": 1.0
							},
							"position": {
								"x": 0.0,
								"y": 0.0,
								"z": 0.5
							},
							"rotation": {
								"x": 0.0,
								"y": 0.0,
								"z": 0.0
							},
							"scale": {
								"x": 1.0,
								"y": 1.0,
								"z": 1.0
							},
							"type": "Cylinder"
						}
					],
					"enabled": true,
					"group": 1,
					"guid": "2442f958-420d-ca4b-88ca-d75264553212",
					"mask": -1
				},
				"TriggerVolumeEnterBehaviour": {
					"enabled": true,
					"guid": "cb21fd52-0e64-b94b-9aa8-95250d42f3ad"
				}
			},
			"guid": "9d2c12c3-3343-cb4b-9fca-fd03a7258860",
			"hide_in_inspector": false,
			"name": "Trigger",
			"parent": "null",
			"position": {
				"x": 0.0,
				"y": 0.0,
				"z": 0.0
			},
			"rotation": {
				"w": 1.0,
				"x": 0.0,
				"y": 0.0,
				"z": 0.0
			},
			"scale": {
				"x": 1.0,
				"y": 1.0,
				"z": 1.0
			}
		},
		{
			"children": [],
			"components": {
				"ParticleSystem": {
					"emitters": [
						{
							"color": {
								"w": 1.0,
								"x": 0.0,
								"y": 1.0,
								"z": 0.0
							},
							"cone_angle": 0.0,
							"lifetime_range": {
								"x": 2.0,
								"y": 4.0
							},
							"position": {
								"x": 0.0,
								"y": 0.0,
								"z": 0.0
							},
							"spawn_rate": 0.10000000149011612,
							"velocity": {
								"x": 0.0,
								"y": -1.0,
								"z": 10.0
							}
						}
					],
					"enabled": true,
					"gravity": {
						"x": 0.0,
						"y": 0.0,
						"z": -9.8100004196167
					},
					"guid": "56a25876-68ec-254d-93e8-6f611171afc5",
					"max_particles": 1000
				}
			},
			"guid": "3684dabb-650c-1945-ae64-6f960ba30ad1",
			"hide_in_inspector": false,
			"name": "Particles",
			"parent": "null",
			"position": {
				"x": 0.0,
				"y": 0.0,
				"z": 0.0
			},
			"rotation": {
				"w": 1.0,
				"x": 0.0,
				"y": 0.0,
				"z": 0.0
			},
			"scale": {
				"x": 1.0,
				"y": 1.0,
				"z": 1.0
			}
		}
	],
	"skybox": {
		"mesh": "null",
		"orientation": {
			"w": 0.7071067690849304,
			"x": 0.7071067690849304,
			"y": 0.0,
			"z": 0.0
		},
		"shader": "0bb9c86f-8810-9143-8bb9-54d2a4eb8260",
		"texture": "72ada40c-e4d7-4c40-9e75-7fffeac8a68d"
	}
}